insert into departaments (id, name, email, phone_stationary, phone_mobile) values ('1', 'Human Resources', 'hr@company.com','713444567','670890432');
insert into departaments (id, name, email, phone_stationary, phone_mobile) values ('2', 'Public relations', 'pr@company.com','713444568','670890433');
insert into departaments (id, name, email, phone_stationary, phone_mobile) values ('3', 'Research and Development', 'rad@company.com','713444569','670890434');
insert into departaments (id, name, email, phone_stationary, phone_mobile) values ('4', 'Accounting and Finance', 'af@company.com','713444570','670890435');
insert into departaments (id, name, email, phone_stationary, phone_mobile) values ('5', 'Production', 'prod@company.com','713444571','670890436');
insert into departaments (id, name, email, phone_stationary, phone_mobile) values ('6', 'Purchasing', 'pur@company.com','713444572','670890437');

insert into employees (id, id_departament, first_name, last_name, PIN, birth_date, email, phone_home, phone_work) values('1','1','John','Walker','56061256439','1956-06-12','john_walker@company.com','713544500','772345321');
insert into employees (id, id_departament, first_name, last_name, PIN, birth_date, email, phone_home, phone_work) values('2','1','Johny','Walkerz','84111256439','1984-11-12','johny_walkerz@company.com','713544501','772345322');
insert into employees (id, id_departament, first_name, last_name, PIN, birth_date, email, phone_home, phone_work) values('3','3','Genowefa','Prozna','79063056439','1979-06-30','genowefa_prozna@company.com','713544502','772345323');
insert into employees (id, id_departament, first_name, last_name, PIN, birth_date, email, phone_home, phone_work) values('4','1','Johnny','Walkersss','49061256439','1949-06-12','johnny_walkersss@company.com','713544503','772345324');
insert into employees (id, id_departament, first_name, last_name, PIN, birth_date, email, phone_home, phone_work) values('5','4','Johny','Bravo','99033056439','1999-03-30','johny_bravo@company.com','713544504','772345325');
insert into employees (id, id_departament, first_name, last_name, PIN, birth_date, email, phone_home, phone_work) values('6','4','Jessica','Bravo','87022056439','1987-02-20','jessica_bravo@company.com','713544505','772345326');
insert into employees (id, id_departament, first_name, last_name, PIN, birth_date, email, phone_home, phone_work) values('7','2','Barbara','Nolife','33056439','2000-03-30','barbara_nolife@company.com','713544506','772345327');
insert into employees (id, id_departament, first_name, last_name, PIN, birth_date, email, phone_home, phone_work) values('8','3','Samantha','Painless','76033056637','1976-03-30','samantha_painless@company.com','713544507','772345328');
insert into employees (id, id_departament, first_name, last_name, PIN, birth_date, email, phone_home, phone_work) values('9','5','Stanislaw','Boczny','77033086637','1977-03-30','stanislaw_boczny@company.com','713544508','772345329');
insert into employees (id, id_departament, first_name, last_name, PIN, birth_date, email, phone_home, phone_work) values('10','5','Bronek','Poznanski','67033056437','1967-03-30','bronek_poznanski@company.com','713544509','772345330');
insert into employees (id, id_departament, first_name, last_name, PIN, birth_date, email, phone_home, phone_work) values('11','5','Sylwia','Apoznanska','88011056637','1988-01-10','sylwia_apoznanska@company.com','713544510','772345331');
insert into employees (id, id_departament, first_name, last_name, PIN, birth_date, email, phone_home, phone_work) values('12','3','Abraham','Abrahamski','54021054637','1954-02-10','abraham_abrahamski@company.com','713544511','772345332');
insert into employees (id, id_departament, first_name, last_name, PIN, birth_date, email, phone_home, phone_work) values('13','6','Harry','Bob','70021054637','1970-02-10','harry_bob@company.com','713544512','772345333');
insert into employees (id, id_departament, first_name, last_name, PIN, birth_date, email, phone_home, phone_work) values('14','6','Dante','Alighieri','67021054637','1967-02-10','dante_alighieri@company.com','713544513','772345334');
insert into employees (id, id_departament, first_name, last_name, PIN, birth_date, email, phone_home, phone_work) values('15','4','Danuta','Piasek','85021054637','1985-02-10','danuta_piasek@company.com','713544514','772345335');
insert into employees (id, id_departament, first_name, last_name, PIN, birth_date, email, phone_home, phone_work) values('16','2','Frank','Pfang','67021054637','1967-02-10','frank_pfang@company.com','713544515','772345336');
insert into employees (id, id_departament, first_name, last_name, PIN, birth_date, email, phone_home, phone_work) values('17','6','Mark','oFang','53011712637','1953-01-17','mark_ofang@company.com','713544516','772345337');

insert into projects (id, id_manager, name, is_internal) values ('1', '2', 'Communication', '1');
insert into projects (id, id_manager, name, is_internal) values ('2', '14', 'Javascript Project', '1');
insert into projects (id, id_manager, name, is_internal) values ('3', '4', 'Bank System', '1');
insert into projects (id, id_manager, name, is_internal) values ('4', '7', 'Logistic System', '0');
insert into projects (id, id_manager, name, is_internal) values ('5', '12', 'Database System', '1');
insert into projects (id, id_manager, name, is_internal) values ('6', '15', 'Java Project', '0');